feature,importance,source
smsc_name_target_loo,0.46482223,TargetEnc
smsc_name_enc,0.17462853,Phase1
sensitive_x_morning,0.015260379,Interaction
urgency_score,0.009743341,NLP_base
is_nuit,0.009686491,Phase1
sms_fatigue_penalty,0.009320816,Phase1
nlp_text_mult,0.00918722,NLP_v8
sms_last_24h,0.009134735,Phase1
is_soir,0.0085909655,Phase1
type_OTP,0.008397722,OHE_type
is_weekend,0.007680688,Phase1
type_Location_Vente,0.0074952794,OHE_type
urgent_x_hour,0.0074857115,Interaction
is_promo,0.007348198,NLP_base
msisdn_tier,0.0073399493,MSISDN
msisdn_rate_squared,0.0071241264,MSISDN
type_Livraison,0.0071054935,OHE_type
is_peak,0.0071038096,Phase1
domain_Banque,0.0070308167,OHE_domain
msisdn_engagement_rate,0.0068982067,MSISDN
domain_Marketing,0.0068959594,OHE_domain
type_Promotion,0.0068591773,OHE_type
proba_x_morning,0.006634844,Interaction
is_mid_week,0.006570152,Phase1
domain_Santé,0.0064797704,OHE_domain
type_Felicitation,0.006469213,OHE_type
is_livraison_kw,0.0063443943,Composite
type_Rappel,0.0063363905,OHE_type
is_reminder,0.006335739,NLP_base
proba_x_evening,0.006211993,Interaction
domain_Logistique,0.0061572557,OHE_domain
msisdn_rate_x_type,0.0061279368,MSISDN
msisdn_sms_count_log,0.006081156,MSISDN
marketing_x_evening_strong,0.006067609,Interaction
type_Transaction,0.0060111885,OHE_type
domain_Assurance,0.0059118117,OHE_domain
marketing_x_msisdn,0.0058538667,Interaction
is_friday,0.005776495,Phase1
send_hour,0.005748344,Phase1
msisdn_sms_count,0.0057297666,MSISDN
nlp_proba_max,0.0057080565,NLP_base
schedule_h_start,0.0056870617,Phase1
is_monday,0.0056385025,Phase1
schedule_position,0.005608949,Phase1
day_of_month,0.0055992925,Phase1
domain_Immobilier,0.005571954,OHE_domain
message_lenth,0.005555505,Phase1
is_rentree,0.0055172457,Phase1
groupe_id,0.005514581,Phase1
domain_Administration,0.0053386632,OHE_domain
type_Alerte,0.005194372,OHE_type
marketing_x_evening,0.0048153675,Interaction
type_Information,0.0046743774,OHE_type
encoding_enc,0.004670288,Phase1
is_peak_morning,0.0045627602,Phase1
domain_Support,0.004355245,OHE_domain
